ticker;name;category;currency
PFE.ST;Pfizer Inc.;stock;SEK
AZN.ST;AstraZeneca PLC;stock;SEK
ATCO-A.ST;Atlas Copco AB;stock;SEK
ABB.ST;ABB Ltd;stock;SEK
INVE-A.ST;Investor AB (publ);stock;SEK
INVE-B.ST;Investor AB (publ);stock;SEK
ATCO-B.ST;Atlas Copco AB;stock;SEK
VOLV-A.ST;AB Volvo (publ);stock;SEK
VOLV-B.ST;AB Volvo (publ);stock;SEK
EQT.ST;EQT AB (publ);stock;SEK
NDA-SE.ST;Nordea Bank Abp;stock;SEK
HEXA-B.ST;Hexagon AB (publ);stock;SEK
ERIC-A.ST;Telefonaktiebolaget LM Ericsson (publ);stock;SEK
ERIC-B.ST;Telefonaktiebolaget LM Ericsson (publ);stock;SEK
EVO.ST;Evolution AB (publ);stock;SEK
ASSA-B.ST;ASSA ABLOY AB (publ);stock;SEK
NOKIA-SEK.ST;Nokia Corporation;stock;SEK
HM-B.ST;H & M Hennes & Mauritz AB (publ);stock;SEK
SAND.ST;Sandvik AB (publ);stock;SEK
SEB-A.ST;Skandinaviska Enskilda Banken AB (publ);stock;SEK
SEB-C.ST;Skandinaviska Enskilda Banken AB (publ);stock;SEK
NIBE-B.ST;NIBE Industrier AB (publ);stock;SEK
EPI-A.ST;Epiroc AB (publ);stock;SEK
EPI-B.ST;Epiroc AB (publ);stock;SEK
SHB-B.ST;Svenska Handelsbanken AB (publ);stock;SEK
ESSITY-B.ST;Essity AB (publ);stock;SEK
ESSITY-A.ST;Essity AB (publ);stock;SEK
LATO-B.ST;Investment AB Latour (publ);stock;SEK
SHB-A.ST;Svenska Handelsbanken AB (publ);stock;SEK
SWED-A.ST;Swedbank AB (publ);stock;SEK
TELIA.ST;Telia Company AB (publ);stock;SEK
ALFA.ST;Alfa Laval AB (publ);stock;SEK
STE-A.ST;Stora Enso Oyj;stock;SEK
SINCH.ST;Sinch AB (publ);stock;SEK
LUND-B.ST;L E Lundbergföretagen AB (publ);stock;SEK
INDU-A.ST;AB Industrivärden (publ);stock;SEK
INDU-C.ST;AB Industrivärden (publ);stock;SEK
STE-R.ST;Stora Enso Oyj;stock;SEK
8TRA.ST;Traton SE;stock;SEK
SWMA.ST;Swedish Match AB (publ);stock;SEK
BALD-B.ST;Fastighets AB Balder (publ);stock;SEK
LIFCO-B.ST;Lifco AB (publ);stock;SEK
SCA-A.ST;Svenska Cellulosa Aktiebolaget SCA (publ);stock;SEK
SCA-B.ST;Svenska Cellulosa Aktiebolaget SCA (publ);stock;SEK
SAGA-B.ST;AB Sagax (publ);stock;SEK
SAGA-D.ST;AB Sagax (publ);stock;SEK
SAGA-A.ST;AB Sagax (publ);stock;SEK
SKA-B.ST;Skanska AB (publ);stock;SEK
INDT.ST;Indutrade AB (publ);stock;SEK
SKF-A.ST;AB SKF (publ);stock;SEK
SKF-B.ST;AB SKF (publ);stock;SEK
EMBRAC-B.ST;Embracer Group AB (publ);stock;SEK
KINV-A.ST;Kinnevik AB;stock;SEK
GETI-B.ST;Getinge AB;stock;SEK
TEL2-A.ST;Tele2 AB (publ);stock;SEK
KINV-B.ST;Kinnevik AB;stock;SEK
TEL2-B.ST;Tele2 AB (publ);stock;SEK
ICA.ST;ICA Gruppen AB (publ);stock;SEK
BOL.ST;Boliden AB (publ);stock;SEK
SBB-B.ST;Samhällsbyggnadsbolaget i Norden AB (publ);stock;SEK
BEIJ-B.ST;Beijer Ref AB (publ);stock;SEK
LUNE.ST;Lundin Energy AB (publ);stock;SEK
SBB-D.ST;Samhällsbyggnadsbolaget i Norden AB (publ);stock;SEK
HOLM-A.ST;Holmen AB (publ);stock;SEK
KIND-SDB.ST;Kindred Group plc;stock;SEK
HOLM-B.ST;Holmen AB (publ);stock;SEK
ALIV-SDB.ST;Autoliv, Inc.;stock;SEK
CAST.ST;Castellum AB (publ);stock;SEK
HUSQ-A.ST;Husqvarna AB (publ);stock;SEK
HUSQ-B.ST;Husqvarna AB (publ);stock;SEK
ELUX-A.ST;AB Electrolux (publ);stock;SEK
ELUX-B.ST;AB Electrolux (publ);stock;SEK
TREL-B.ST;Trelleborg AB (publ);stock;SEK
SOBI.ST;Swedish Orphan Biovitrum AB (publ);stock;SEK
VITR.ST;Vitrolife AB (publ);stock;SEK
SWEC-B.ST;Sweco AB (publ);stock;SEK
SWEC-A.ST;Sweco AB (publ);stock;SEK
VOLO-PREF.ST;Volati AB;stock;SEK
AAK.ST;AAK AB (publ.);stock;SEK
LUMI.ST;Lundin Mining Corporation;stock;SEK
AZA.ST;Avanza Bank Holding AB (publ);stock;SEK
SECU-B.ST;Securitas AB;stock;SEK
FABG.ST;Fabege AB (publ);stock;SEK
THULE.ST;Thule Group AB (publ);stock;SEK
WALL-B.ST;Wallenstam AB (publ);stock;SEK
ADDT-B.ST;Addtech AB (publ.);stock;SEK
AXFO.ST;Axfood AB (publ);stock;SEK
SSAB-B.ST;SSAB AB (publ);stock;SEK
SSAB-A.ST;SSAB AB (publ);stock;SEK
DOM.ST;Dometic Group AB (publ);stock;SEK
ALIF-B.ST;AddLife AB (publ);stock;SEK
EKTA-B.ST;Elekta AB (publ);stock;SEK
VIMIAN.ST;Vimian Group AB (publ);stock;SEK
NENT-A.ST;Nordic Entertainment Group AB (publ);stock;SEK
NENT-B.ST;Nordic Entertainment Group AB (publ);stock;SEK
BILL.ST;BillerudKorsnäs AB (publ);stock;SEK
HPOL-B.ST;HEXPOL AB (publ);stock;SEK
SAVE.ST;Nordnet AB (publ);stock;SEK
MCOV-B.ST;Medicover AB (publ);stock;SEK
TIETOS.ST;TietoEVRY Oyj;stock;SEK
VNE-SDB.ST;Veoneer, Inc.;stock;SEK
SAAB-B.ST;Saab AB (publ);stock;SEK
AFRY.ST;Afry AB;stock;SEK
CORE-B.ST;Klövern AB (publ);stock;SEK
TIGO-SDB.ST;Millicom International Cellular S.A.;stock;SEK
CORE-A.ST;Klövern AB (publ);stock;SEK
OP-PREF.ST;Oscar Properties Holding AB (publ);stock;SEK
CORE-PREF.ST;Klövern AB (publ);stock;SEK
INTRUM.ST;Intrum AB (publ);stock;SEK
CORE-D.ST;Klövern AB (publ);stock;SEK
WIHL.ST;Wihlborgs Fastigheter AB (publ);stock;SEK
BICO.ST;BICO Group AB (publ);stock;SEK
SECT-B.ST;Sectra AB (publ);stock;SEK
HUFV-A.ST;Hufvudstaden AB (publ);stock;SEK
PEAB-B.ST;Peab AB (publ);stock;SEK
ARJO-B.ST;Arjo AB (publ);stock;SEK
BURE.ST;Bure Equity AB (publ);stock;SEK
BRAV.ST;Bravida Holding AB (publ);stock;SEK
ATRLJ-B.ST;Atrium Ljungberg AB (publ);stock;SEK
KLED.ST;Kungsleden AB (publ);stock;SEK
PNDX-B.ST;Pandox AB (publ);stock;SEK
NOLA-B.ST;Nolato AB (publ);stock;SEK
FPAR-A.ST;FastPartner AB (publ);stock;SEK
FPAR-D.ST;FastPartner AB (publ);stock;SEK
NYF.ST;Nyfosa AB (publ);stock;SEK
MIPS.ST;MIPS AB (publ);stock;SEK
MYCR.ST;Mycronic AB (publ);stock;SEK
INSTAL.ST;Instalco AB (publ);stock;SEK
CATE.ST;Catena AB (publ);stock;SEK
JM.ST;JM AB (publ);stock;SEK
TROAX.ST;Troax Group AB (publ);stock;SEK
LOOMIS.ST;Loomis AB (publ);stock;SEK
HMS.ST;HMS Networks AB (publ);stock;SEK
SF.ST;Stillfront Group AB (publ);stock;SEK
PLAZ-B.ST;Platzer Fastigheter Holding AB (publ);stock;SEK
HEM.ST;Hemnet Group AB (publ);stock;SEK
EPRO-B.ST;Electrolux Professional AB (publ);stock;SEK
LIAB.ST;Lindab International AB (publ);stock;SEK
RATO-A.ST;Ratos AB (publ);stock;SEK
ARION-SDB.ST;Arion banki hf.;stock;SEK
RATO-B.ST;Ratos AB (publ);stock;SEK
SYSR.ST;Systemair AB (publ);stock;SEK
FOI-B.ST;Fenix Outdoor International AG;stock;SEK
LUG.ST;Lundin Gold Inc.;stock;SEK
BILI-A.ST;Bilia AB (publ);stock;SEK
BHG.ST;BHG Group AB (publ);stock;SEK
NCC-A.ST;NCC AB (publ);stock;SEK
KFAST-B.ST;K-Fast Holding AB (publ);stock;SEK
NCC-B.ST;NCC AB (publ);stock;SEK
SECARE.ST;Swedencare AB (publ);stock;SEK
PDX.ST;Paradox Interactive AB (publ);stock;SEK
BIOT.ST;Biotage AB (publ);stock;SEK
CINT.ST;Cint Group AB (publ);stock;SEK
VIT-B.ST;Vitec Software Group AB (publ);stock;SEK
OX2.ST;OX2 AB (publ);stock;SEK
SDIP-B.ST;Sdiptech AB (publ);stock;SEK
SDIP-PREF.ST;Sdiptech AB (publ);stock;SEK
SAS.ST;SAS AB (publ);stock;SEK
MTRS.ST;Munters Group AB (publ);stock;SEK
SUS.ST;Surgical Science Sweden AB (publ);stock;SEK
SKIS-B.ST;SkiStar AB (publ);stock;SEK
CRED-A.ST;Creades AB;stock;SEK
DIOS.ST;Diös Fastigheter AB (publ);stock;SEK
FPAR-PREF.ST;FastPartner AB (publ);stock;SEK
STORY-B.ST;Storytel AB (publ);stock;SEK
MTG-B.ST;Modern Times Group Mtg AB;stock;SEK
MTG-A.ST;Modern Times Group Mtg AB;stock;SEK
ANOD-B.ST;Addnode Group AB (publ);stock;SEK
BEIA-B.ST;Beijer Alma AB (publ);stock;SEK
BIOA-B.ST;BioArctic AB (publ);stock;SEK
BUFAB.ST;Bufab AB (publ);stock;SEK
GRNG.ST;Gränges AB (publ);stock;SEK
KARO.ST;Karo Pharma AB (publ);stock;SEK
XVIVO.ST;Xvivo Perfusion AB (publ);stock;SEK
VOLO.ST;Volati AB;stock;SEK
NP3.ST;NP3 Fastigheter AB (publ);stock;SEK
HEBA-B.ST;Heba Fastighets AB (publ);stock;SEK
NOBI.ST;Nobia AB (publ);stock;SEK
BETS-B.ST;Betsson AB;stock;SEK
CEVI.ST;CellaVision AB (publ);stock;SEK
NCAB.ST;NCAB Group AB (publ);stock;SEK
VNV.ST;VNV Global AB (publ);stock;SEK
BOOZT.ST;Boozt AB (publ);stock;SEK
MMGR-B.ST;Momentum Group AB (publ);stock;SEK
CAMX.ST;Camurus AB (publ);stock;SEK
ALM.ST;ALM Equity AB (publ);stock;SEK
ALM-PREF.ST;ALM Equity AB (publ);stock;SEK
RVRC.ST;RVRC Holding AB (publ);stock;SEK
PCELL.ST;PowerCell Sweden AB (publ);stock;SEK
XANO-B.ST;XANO Industri AB (publ);stock;SEK
SVOL-A.ST;Svolder AB (publ);stock;SEK
GARO.ST;Garo Aktiebolag (publ);stock;SEK
BIOG-B.ST;BioGaia AB (publ);stock;SEK
BONAV-A.ST;Bonava AB (publ);stock;SEK
BETCO.ST;Better Collective A/S;stock;SEK
BONAV-B.ST;Bonava AB (publ);stock;SEK
INWI.ST;Inwido AB (publ);stock;SEK
HTRO.ST;Hexatronic Group AB (publ);stock;SEK
FAG.ST;AB Fagerhult;stock;SEK
DUST.ST;Dustin Group AB (publ);stock;SEK
NEWA-B.ST;New Wave Group AB (publ);stock;SEK
MEKO.ST;Mekonomen AB (publ);stock;SEK
KNOW.ST;Knowit AB (publ);stock;SEK
RESURS.ST;Resurs Holding AB (publ);stock;SEK
TRIAN-B.ST;Fastighets AB Trianon (publ);stock;SEK
VESTUM.ST;Vestum AB (publ);stock;SEK
CIBUS.ST;Cibus Nordic Real Estate AB (publ);stock;SEK
M8G.ST;Media and Games Invest SE;stock;SEK
AMAST.ST;Amasten Fastighets AB (publ);stock;SEK
ACAD.ST;AcadeMedia AB (publ);stock;SEK
CLA-B.ST;Cloetta AB (publ);stock;SEK
BTS-B.ST;BTS Group AB (publ);stock;SEK
COOR.ST;Coor Service Management Holding AB;stock;SEK
FING-B.ST;Fingerprint Cards AB (publ);stock;SEK
SEDANA.ST;Sedana Medical AB (publ);stock;SEK
ADAPT.ST;Adapteo Oyj;stock;SEK
ALIG.ST;Alimak Group AB (publ);stock;SEK
COLL.ST;Collector AB (publ);stock;SEK
LAGR-B.ST;Lagercrantz Group AB (publ);stock;SEK
NMAN.ST;Nederman Holding AB (publ);stock;SEK
IVSO.ST;Invisio AB (publ);stock;SEK
FG.ST;Fasadgruppen Group AB (publ);stock;SEK
STEF-B.ST;Stendörren Fastigheter AB (publ);stock;SEK
SVOL-B.ST;Svolder AB (publ);stock;SEK
ORES.ST;Investment AB Öresund (publ);stock;SEK
KAMBI.ST;Kambi Group plc;stock;SEK
COIC.ST;Concentric AB (publ);stock;SEK
FIL.ST;Filo Mining Corp.;stock;SEK
NOBINA.ST;Nobina AB (publ);stock;SEK
RENEW.ST;Re:NewCell AB (publ);stock;SEK
ATT.ST;Attendo AB (publ);stock;SEK
SHOT.ST;Scandic Hotels Group AB (publ);stock;SEK
TOBII.ST;Tobii AB (publ);stock;SEK
K2A-B.ST;K2A Knaust & Andersson Fastigheter AB (publ);stock;SEK
DSNO.ST;Desenio Group AB (publ);stock;SEK
CLAS-B.ST;Clas Ohlson AB (publ);stock;SEK
NYTTO.ST;Svenska Nyttobostäder AB (publ);stock;SEK
JOMA.ST;John Mattson Fastighetsföretagen AB (publ);stock;SEK
ELAN-B.ST;Elanders AB (publ);stock;SEK
CS.ST;CoinShares International Limited;stock;SEK
AMBEA.ST;Ambea AB (publ);stock;SEK
ENQ.ST;EnQuest PLC;stock;SEK
AQ.ST;AQ Group AB (publ);stock;SEK
BACTI-B.ST;Bactiguard Holding AB (publ);stock;SEK
IPCO.ST;International Petroleum Corporation;stock;SEK
HNSA.ST;Hansa Biopharma AB (publ);stock;SEK
KAR.ST;Karnov Group AB (publ);stock;SEK
DUNI.ST;Duni AB (publ);stock;SEK
NANOFS.ST;Nanoform Finland Oyj;stock;SEK
AOI.ST;Africa Oil Corp.;stock;SEK
LINC.ST;Linc AB;stock;SEK
GPG.ST;Genova Property Group AB (publ);stock;SEK
PROB.ST;Probi AB (publ);stock;SEK
CALTX.ST;Calliditas Therapeutics AB (publ);stock;SEK
VBG-B.ST;VBG Group AB (publ);stock;SEK
NWG.ST;Nordic Waterproofing Holding AB (publ);stock;SEK
LIME.ST;Lime Technologies AB (publ);stock;SEK
BONEX.ST;Bonesupport Holding AB (publ);stock;SEK
HUMBLE.ST;Humble Group AB (publ);stock;SEK
GREEN.ST;Green Landscaping Group AB (publ);stock;SEK
ABSO.ST;Absolent Air Care Group AB (publ);stock;SEK
AEGIR.ST;AegirBio AB (publ);stock;SEK
ASPIRE.ST;Aspire Global plc;stock;SEK
EOLU-B.ST;Eolus Vind AB (publ);stock;SEK
ACAST.ST;Acast AB (publ);stock;SEK
VEFAB.ST;VEF AB (Publ);stock;SEK
MSON-B.ST;Midsona AB (publ);stock;SEK
MSON-A.ST;Midsona AB (publ);stock;SEK
BMAX.ST;Byggmax Group AB (publ);stock;SEK
BERG-B.ST;Bergman & Beving AB (publ);stock;SEK
QLINEA.ST;Q-linea AB (publ);stock;SEK
NP3-PREF.ST;NP3 Fastigheter AB (publ);stock;SEK
ENEA.ST;Enea AB (publ);stock;SEK
THUNDR.ST;Thunderful Group AB;stock;SEK
LYKO-A.ST;Lyko Group AB (publ);stock;SEK
BRIN-B.ST;Brinova Fastigheter AB (publ);stock;SEK
AZELIO.ST;Azelio AB (publ);stock;SEK
PEGRO-PREF.ST;Pegroco Invest AB (publ);stock;SEK
PRFO.ST;Profoto Holding AB (publ);stock;SEK
SEYE.ST;Smart Eye AB (publ);stock;SEK
TFBANK.ST;TF Bank AB (publ);stock;SEK
ONCO.ST;Oncopeptides AB (publ);stock;SEK
GENO.ST;Genovis AB (publ.);stock;SEK
IVACC.ST;Intervacc AB (publ);stock;SEK
LEO.ST;LeoVegas AB (publ);stock;SEK
ITAB.ST;ITAB Shop Concept AB (publ);stock;SEK
G5EN.ST;G5 Entertainment AB (publ);stock;SEK
SCST.ST;Scandi Standard AB (publ);stock;SEK
NOTE.ST;NOTE AB (publ);stock;SEK
EG7.ST;Enad Global 7 AB (publ);stock;SEK
TRAC-B.ST;AB Traction;stock;SEK
SIVE.ST;Sivers Semiconductors AB;stock;SEK
ACQ-SPAC.ST;ACQ Bure AB (publ);stock;SEK
OEM-B.ST;OEM International AB (publ);stock;SEK
PRIC-B.ST;Pricer AB (publ);stock;SEK
FNM.ST;Ferronordic AB (publ);stock;SEK
MNTC.ST;Mentice AB (publ);stock;SEK
WBGR-B.ST;Wästbygg Gruppen AB (publ);stock;SEK
HUM.ST;Humana AB (publ);stock;SEK
XBRANE.ST;Xbrane Biopharma AB (publ);stock;SEK
CTM.ST;Catena Media plc;stock;SEK
FMM-B.ST;FM Mattsson Mora Group AB (publ);stock;SEK
CAT-A.ST;Catella AB (publ);stock;SEK
REJL-B.ST;Rejlers AB (publ);stock;SEK
CAT-B.ST;Catella AB (publ);stock;SEK
FOOT-B.ST;Footway Group AB (publ);stock;SEK
ELTEL.ST;Eltel AB (publ);stock;SEK
FOOT-PREF.ST;Footway Group AB (publ);stock;SEK
BUSER.ST;Bambuser AB (publ);stock;SEK
RUG.ST;Rugvista Group AB (publ);stock;SEK
EAST.ST;Eastnine AB (publ);stock;SEK
MCAP.ST;MedCap AB (publ);stock;SEK
HOFI.ST;Hoist Finance AB (publ);stock;SEK
CDON.ST;CDON AB;stock;SEK
AEC.ST;Africa Energy Corp.;stock;SEK
IRLAB-A.ST;IRLAB Therapeutics AB (publ);stock;SEK
MAG.ST;Magnolia Bostad AB (publ);stock;SEK
ELOS-B.ST;Elos Medtech AB (publ);stock;SEK
FNOVA-B.ST;Fortinova Fastigheter AB (Publ);stock;SEK
CTT.ST;CTT Systems AB (publ);stock;SEK
IDUN-B.ST;Idun Industrier AB (publ);stock;SEK
IMMNOV.ST;Immunovia AB (publ);stock;SEK
NPAPER.ST;Nordic Paper Holding AB (publ);stock;SEK
OVZON.ST;Ovzon AB (publ);stock;SEK
BINV.ST;BioInvent International AB (publ);stock;SEK
XSPRAY.ST;Xspray Pharma AB (publ);stock;SEK
BESQ.ST;Besqab AB (publ);stock;SEK
CI-B.ST;Cell Impact AB (publ);stock;SEK
BALCO.ST;Balco Group AB;stock;SEK
CANTA.ST;Cantargia AB (publ);stock;SEK
PIERCE.ST;Pierce Group AB (publ);stock;SEK
HLDX.ST;Haldex AB (publ);stock;SEK
EXS.ST;Exsitec Holding AB (publ);stock;SEK
RAY-B.ST;RaySearch Laboratories AB (publ);stock;SEK
CPAC-SPAC.ST;Creaspac AB (publ);stock;SEK
BRE2.ST;Bredband2 i Skandinavien AB (publ);stock;SEK
SFAST.ST;Stenhus Fastigheter i Norden AB (publ);stock;SEK
JOSE.ST;Josemaria Resources Inc.;stock;SEK
ZZ-B.ST;Zinzino AB (publ);stock;SEK
MINEST.ST;Minesto AB (publ);stock;SEK
CCC.ST;Cavotec SA;stock;SEK
DMYD-B.ST;Diamyd Medical AB (publ);stock;SEK
LUC.ST;Lucara Diamond Corp.;stock;SEK
ANNE-B.ST;Annehem Fastigheter AB;stock;SEK
CRAD-B.ST;C-Rad AB (publ);stock;SEK
SEMC.ST;Semcon AB (publ);stock;SEK
PACT.ST;Proact IT Group AB (publ);stock;SEK
PSCAND.ST;Permascand Top Holding AB (publ);stock;SEK
NILAR.ST;Nilar International AB;stock;SEK
AROS.ST;Aros Bostadsutveckling AB (publ);stock;SEK
AJA-B.ST;Byggmästare Anders J Ahlström Holding AB (publ);stock;SEK
GHP.ST;GHP Specialty Care AB (publ);stock;SEK
TRAIN-B.ST;Train Alliance Sweden AB (publ);stock;SEK
KABE-B.ST;KABE Group AB (publ.);stock;SEK
BULTEN.ST;Bulten AB (publ);stock;SEK
BELE.ST;Beijer Electronics Group AB (publ);stock;SEK
EWRK.ST;Ework Group AB (publ);stock;SEK
BRG-B.ST;Bergs Timber AB (publ);stock;SEK
STRLNG.ST;Swedish Stirling AB (publ);stock;SEK
SOLT.ST;SolTech Energy Sweden AB (publ);stock;SEK
STUDBO.ST;Studentbostäder i Norden AB (publ);stock;SEK
MILDEF.ST;MilDef Group AB (publ);stock;SEK
RROS.ST;Rottneros AB (publ);stock;SEK
MANG.ST;Mangold Fondkommission AB;stock;SEK
UPSALE.ST;Upsales Technology AB (publ);stock;SEK
FPIP.ST;Formpipe Software AB (publ);stock;SEK
TEQ.ST;Teqnion AB (publ);stock;SEK
GAPW-B.ST;Gapwaves AB (publ);stock;SEK
DURC-B.ST;Duroc AB (publ);stock;SEK
KOPY.ST;Kopy Goldfields AB (publ);stock;SEK
CHECK.ST;Checkin.Com Group AB (Publ);stock;SEK
TETY.ST;Tethys Oil AB (publ);stock;SEK
GIGSEK.ST;Gaming Innovation Group Inc.;stock;SEK
ARCANE.ST;Arcane Crypto AB;stock;SEK
ARISE.ST;Arise AB (publ);stock;SEK
AMAST-PREF.ST;Amasten Fastighets AB (publ);stock;SEK
IAR-B.ST;IAR Systems Group AB (publ);stock;SEK
VICO.ST;Vicore Pharma Holding AB (publ);stock;SEK
ENZY.ST;Enzymatica AB;stock;SEK
SLEEP.ST;Sleep Cycle AB (publ);stock;SEK
ISOFOL.ST;Isofol Medical AB (publ);stock;SEK
FASTAT.ST;Aktiebolaget Fastator (publ);stock;SEK
MAHA-A.ST;Maha Energy AB (publ);stock;SEK
AWRD.ST;Awardit AB (publ);stock;SEK
ACCON.ST;Acconeer AB (publ);stock;SEK
DORO.ST;Doro AB (publ);stock;SEK
SRNKE-B.ST;Serneke Group AB (publ);stock;SEK
BOAT.ST;Nimbus Group AB (Publ);stock;SEK
DIST.ST;DistIT AB (publ);stock;SEK
ODD.ST;Odd Molly International AB (publ);stock;SEK
EXPRS2.ST;ExpreS2ion Biotech Holding AB (publ);stock;SEK
SEZI.ST;Senzime AB (publ);stock;SEK
BIOVIC-B.ST;Biovica International AB (publ);stock;SEK
READ.ST;Readly International AB (publ);stock;SEK
COPP-B.ST;Copperstone Resources AB;stock;SEK
IRIS.ST;Irisity AB (publ);stock;SEK
SOF-B.ST;Softronic AB;stock;SEK
JETPAK.ST;Jetpak Top Holding AB (publ);stock;SEK
NETI-B.ST;Net Insight AB (publ);stock;SEK
FLUO.ST;FluoGuide A/S;stock;SEK
TORSAB.ST;Torslanda Property Investment AB (publ);stock;SEK
PIEZO.ST;PiezoMotor Uppsala AB (publ);stock;SEK
GREAT.ST;Greater Than AB;stock;SEK
INTEG-B.ST;Integrum AB (publ);stock;SEK
PREV-B.ST;Prevas AB;stock;SEK
SVED-B.ST;Svedbergs i Dalstorp AB (publ);stock;SEK
OASM.ST;Oasmia Pharmaceutical AB (publ);stock;SEK
ORX.ST;Orexo AB (publ);stock;SEK
ARP.ST;Arctic Paper S.A.;stock;SEK
TRANS.ST;Transtema Group AB;stock;SEK
OP.ST;Oscar Properties Holding AB (publ);stock;SEK
ATA-SDB.ST;Atari SA;stock;SEK
BOUL.ST;Boule Diagnostics AB (publ);stock;SEK
ATVEXA-B.ST;Atvexa AB (publ);stock;SEK
DOXA.ST;Doxa AB (publ);stock;SEK
SES.ST;Scandinavian Enviro Systems AB (publ);stock;SEK
NEXAM.ST;Nexam Chemical Holding AB (publ);stock;SEK
BYGGP.ST;ByggPartner i Dalarna Holding AB (publ);stock;SEK
NHCBHFFS.ST;Baltic Horizon Fund;stock;SEK
POLYG.ST;Polygiene AB (publ.);stock;SEK
ARPL.ST;Arla Plast AB;stock;SEK
PTRK.ST;Physitrack PLC;stock;SEK
HANZA.ST;Hanza Holding AB (publ);stock;SEK
ZORDIX-B.ST;Zordix AB (publ);stock;SEK
BEGR.ST;BE Group AB (publ);stock;SEK
TBD30-SPAC-A.ST;tbd30 AB (publ);stock;SEK
GENI.ST;Generic Sweden AB;stock;SEK
SANION.ST;Saniona AB (publ);stock;SEK
SINT.ST;SinterCast AB (publ);stock;SEK
MAXF.ST;MaxFastigheter i Sverige AB (publ);stock;SEK
STAR-B.ST;Starbreeze AB (publ);stock;SEK
STAR-A.ST;Starbreeze AB (publ);stock;SEK
EMBELL.ST;Embellence Group AB (publ);stock;SEK
SENS.ST;Sensys Gatso Group AB (publ);stock;SEK
QAIR.ST;QleanAir AB;stock;SEK
SNM.ST;ShaMaran Petroleum Corp.;stock;SEK
APAC-SPAC-A.ST;Aligro Planet Acquisition Company AB (publ);stock;SEK
BORG.ST;Björn Borg AB (publ);stock;SEK
ALCA.ST;Alcadon Group AB (publ);stock;SEK
BIM.ST;BIMobject AB;stock;SEK
FRACTL.ST;Fractal Gaming Group AB (publ);stock;SEK
BIOGAS.ST;Scandinavian Biogas Fuels International AB (publ);stock;SEK
PROF-B.ST;ProfilGruppen AB (publ);stock;SEK
MSAB-B.ST;Micro Systemation AB (publ);stock;SEK
DEDI.ST;Dedicare AB (publ);stock;SEK
SPEC.ST;SpectraCure AB (publ);stock;SEK
PAX.ST;Paxman AB (publ);stock;SEK
ACE.ST;Ascelia Pharma AB (publ);stock;SEK
ORGC.ST;OrganoClick AB (publ);stock;SEK
EGTX.ST;Egetis Therapeutics AB (publ);stock;SEK
GOMX.ST;GomSpace Group AB (publ);stock;SEK
FERRO.ST;Ferroamp Elektronik AB (publ);stock;SEK
HEXI.ST;Hexicon AB (publ);stock;SEK
SCOUT.ST;Scout Gaming Group AB (publ);stock;SEK
IBT-B.ST;Infant Bacterial Therapeutics AB (publ);stock;SEK
CLIME-B.ST;Climeon AB (publ);stock;SEK
ZWIPE.ST;Zwipe AS;stock;SEK
KDEV.ST;Karolinska Development AB (publ);stock;SEK
URBIT.ST;Urb-it AB (publ);stock;SEK
IMMU.ST;Immunicum AB (publ);stock;SEK
FLEXM.ST;Flexion Mobile Plc;stock;SEK
STWK.ST;Stockwik Förvaltning AB (publ);stock;SEK
INDEX.ST;InDex Pharmaceuticals Holding AB (publ);stock;SEK
MAGI.ST;MAG Interactive AB (publ);stock;SEK
MAVEN.ST;Maven Wireless Sweden AB (Publ);stock;SEK
CNCJO-B.ST;Concejo AB (publ);stock;SEK
IMPC.ST;Impact Coatings AB (publ);stock;SEK
NTEK-B.ST;Novotek AB;stock;SEK
RAKE.ST;Raketech Group Holding PLC;stock;SEK
NIL-B.ST;Nilörngruppen AB;stock;SEK
CFISH.ST;Crunchfish AB (publ);stock;SEK
INFREA.ST;Infrea AB;stock;SEK
MIDS.ST;Midsummer AB (publ);stock;SEK
ECC-B.ST;Ecoclime Group AB (publ);stock;SEK
MOBA.ST;M.O.B.A. Network AB (publ);stock;SEK
ZETA.ST;ZetaDisplay AB (publ);stock;SEK
ICO.ST;Iconovo AB (publ);stock;SEK
SIGN-B.ST;Signatur Fastigheter AB (publ);stock;SEK
OPTI.ST;OptiCept Technologies AB (publ);stock;SEK
ZIGN.ST;ZignSec AB (publ);stock;SEK
EPIS-B.ST;Episurf Medical AB (publ);stock;SEK
CE.ST;Cortus Energy AB (publ);stock;SEK
STIL.ST;Stille AB;stock;SEK
ISR.ST;ISR Immune System Regulation Holding AB (publ);stock;SEK
LINKFI.ST;Linkfire A/S;stock;SEK
SVIK.ST;Studsvik AB (publ);stock;SEK
FREEM.ST;Freemelt Holding AB (publ);stock;SEK
FLEXQ.ST;FlexQube AB (publ);stock;SEK
KAPIAB.ST;Kallebäck Property Invest AB (publ);stock;SEK
ADVE.ST;Advenica AB (publ);stock;SEK
ALLR.ST;Allarity Therapeutics A/S;stock;SEK
24STOR.ST;24Storage AB (publ);stock;SEK
LMKG.ST;LMK Group AB (publ);stock;SEK
NEPA.ST;Nepa AB (publ);stock;SEK
NAXS.ST;NAXS AB (publ);stock;SEK
BTCX.ST;Goobit Group AB (publ);stock;SEK
ACRI-B.ST;Acrinova AB (publ);stock;SEK
ACRI-A.ST;Acrinova AB (publ);stock;SEK
MIDW-B.ST;Midway Holding AB (publ);stock;SEK
BOKUS.ST;Bokusgruppen AB (publ);stock;SEK
Symbol;Name;stock;SEK
QLIFE.ST;Qlife Holding AB (publ);stock;SEK
SOLNA.ST;Solnaberg Property AB (publ);stock;SEK
MIDW-A.ST;Midway Holding AB (publ);stock;SEK
ITECH.ST;I-Tech AB;stock;SEK
NNH.ST;New Nordic Healthbrands AB (publ);stock;SEK
CBTT-B.ST;Christian Berner Tech Trade AB (publ);stock;SEK
ENDO.ST;Endomines AB (publ);stock;SEK
QLIRO.ST;Qliro AB (publ);stock;SEK
NELLY.ST;Nelly Group AB (publ);stock;SEK
PRCO-B.ST;Precio Fishbone AB (publ);stock;SEK
INISS-B.ST;Inission AB (publ);stock;SEK
DIGN.ST;Dignitana AB (publ.);stock;SEK
SKMO.ST;Skåne-möllan AB (publ);stock;SEK
POOL-B.ST;Poolia AB (publ);stock;SEK
PENG-B.ST;Projektengagemang Sweden AB (publ);stock;SEK
SPEONE.ST;SpectrumOne AB (publ);stock;SEK
AAC.ST;AAC Clyde Space AB (publ);stock;SEK
CAG.ST;CAG Group AB (publ);stock;SEK
BRIG.ST;Brighter AB (publ);stock;SEK
SCOL.ST;Scandion Oncology A/S;stock;SEK
B3.ST;B3 Consulting Group AB (publ);stock;SEK
MVIR-B.ST;Medivir AB (publ);stock;SEK
MEAB-B.ST;Malmbergs Elektriska AB (publ);stock;SEK
OSSD.ST;OssDsign AB (publ);stock;SEK
GHUS-B.ST;Götenehus Group AB (publ);stock;SEK
HOVD.ST;Hövding Sverige AB (publ);stock;SEK
KAN.ST;Kancera AB (publ);stock;SEK
HEIM-PREF.ST;Heimstaden AB (publ);stock;SEK
AVEN.ST;Avensia AB (publ);stock;SEK
BIOWKS.ST;Bio-Works Technologies AB (publ);stock;SEK
ADDV-A.ST;ADDvise Group AB (publ);stock;SEK
ADDV-B.ST;ADDvise Group AB (publ);stock;SEK
FIRE.ST;Firefly AB (publ);stock;SEK
NXTCL.ST;NextCell Pharma AB;stock;SEK
VOLAB.ST;Veg of Lund AB (publ);stock;SEK
OBAB.ST;Online Brands Nordic AB (publ);stock;SEK
LIDDS.ST;LIDDS AB (publ);stock;SEK
AGES-B.ST;AGES Industri AB (publ);stock;SEK
SLITE.ST;Slitevind AB;stock;SEK
RO.ST;Rolling Optics Holding AB (publ);stock;SEK
ATORX.ST;Alligator Bioscience AB (publ);stock;SEK
RAIL.ST;Railcare Group AB (publ);stock;SEK
AXIC-A.ST;aXichem AB;stock;SEK
EOS.ST;EOS Russia;stock;SEK
STRAX.ST;Strax AB (publ);stock;SEK
TAGM-B.ST;TagMaster AB (publ);stock;SEK
TERRNT-B.ST;Terranet AB;stock;SEK
SDS.ST;Seamless Distribution Systems AB (publ);stock;SEK
OXE.ST;OXE Marine AB (publ);stock;SEK
CEDER.ST;Cedergrenska AB (publ);stock;SEK
ASAI.ST;Artificial Solutions International AB (publ);stock;SEK
CLAV.ST;Clavister Holding AB (publ.);stock;SEK
MISE.ST;Misen Energy AB (publ);stock;SEK
MODEL-B.ST;Modelon AB (publ);stock;SEK
AUR.ST;Auriant Mining AB (publ);stock;SEK
ZUTEC.ST;Zutec Holding AB (publ);stock;SEK
UNIBAP.ST;Unibap AB (publ);stock;SEK
LAMM-B.ST;Lammhults Design Group AB (publ);stock;SEK
PREC.ST;Precise Biometrics AB (publ);stock;SEK
BOTX.ST;Botnia Exploration Holding AB (publ);stock;SEK
IRRAS.ST;IRRAS AB (publ);stock;SEK
KLAR.ST;Klaria Pharma Holding AB (publ.);stock;SEK
FRAG.ST;Fragbite Group AB (publ);stock;SEK
SCIB.ST;SciBase Holding AB (publ);stock;SEK
VSSAB-B.ST;Viking Supply Ships AB (publ);stock;SEK
DDM.ST;DDM Holding AG;stock;SEK
SJR-B.ST;SJR in Scandinavia AB (publ);stock;SEK
ECOWVE.ST;Eco Wave Power Global AB (publ);stock;SEK
OP-PREFB.ST;Oscar Properties Holding AB (publ);stock;SEK
VERT-B.ST;Vertiseit AB (publ);stock;SEK
BONAS.ST;Bonäsudden Holding AB (publ);stock;SEK
AKEL-D.ST;Akelius Residential Property AB (publ);stock;SEK
NETM-B.ST;Netmore Group AB (publ);stock;SEK
MAGLE.ST;Magle Chemoswed Holding AB (publ);stock;SEK
ALELIO.ST;Alelion Energy Systems AB (publ);stock;SEK
CYXO.ST;Cyxone AB (publ);stock;SEK
REALFI.ST;Realfiction Holding AB (publ);stock;SEK
INZILE.ST;Inzile AB (publ);stock;SEK
TSEC.ST;Tempest Security AB (publ);stock;SEK
RLS.ST;RLS Global AB (publ);stock;SEK
FREJA.ST;Freja eID Group AB (publ);stock;SEK
HAV-B.ST;Havsfrun Investment AB (publ);stock;SEK
MANTEX.ST;Mantex AB (publ);stock;SEK
SEAF.ST;Seafire AB (publ);stock;SEK
DRIL.ST;Drillcon AB (publ);stock;SEK
CLS-B.ST;Clinical Laserthermia Systems AB (publ);stock;SEK
NXTMS.ST;Nexstim Plc;stock;SEK
ME.ST;Modern Ekonomi Sverige Holding AB (publ);stock;SEK
SALT-B.ST;SaltX Technology Holding AB;stock;SEK
ALZCUR.ST;AlzeCure Pharma AB (publ);stock;SEK
ACROUD.ST;Acroud AB (publ);stock;SEK
LIPI.ST;Lipidor AB (publ);stock;SEK
SENZA.ST;SenzaGen AB;stock;SEK
ELEC.ST;Electra Gruppen AB (publ);stock;SEK
CCOR-B.ST;Concordia Maritime AB (publ);stock;SEK
GUARD.ST;Guard Therapeutics International AB (publ);stock;SEK
TOURN.ST;Tourn International AB (publ);stock;SEK
ACTI.ST;Active Biotech AB (publ);stock;SEK
STW.ST;SeaTwirl AB (publ);stock;SEK
SOZAP.ST;SOZAP AB (publ);stock;SEK
LCLEAN.ST;LifeClean International AB (publ);stock;SEK
RNBS.ST;RNB Retail and Brands AB (publ);stock;SEK
SFTR.ST;Safeture AB (publ);stock;SEK
TRAD.ST;TradeDoubler AB (publ);stock;SEK
JDT.ST;JonDeTech Sensors AB (publ);stock;SEK
USWE.ST;Uswe Sports AB (publ);stock;SEK
MOMENT.ST;Moment Group AB;stock;SEK
ACOU.ST;AcouSort AB (publ);stock;SEK
LOHILO.ST;Lohilo Foods Ab (Publ);stock;SEK
2CUREX.ST;2cureX AB (publ);stock;SEK
FIRST-B.ST;First Venture Sweden AB (publ);stock;SEK
HRNTS.ST;Herantis Pharma Oyj;stock;SEK
SFL.ST;Safello Group AB (publ);stock;SEK
MOB.ST;Moberg Pharma AB (publ);stock;SEK
SPAGO.ST;Spago Nanomedical AB (publ);stock;SEK
FUUD.ST;FUUD AB (publ);stock;SEK
CLBIO.ST;Corline Biomedical AB;stock;SEK
NANEXA.ST;Nanexa AB (publ);stock;SEK
LITI.ST;Litium AB (publ);stock;SEK
YIELD.ST;SaveLend Group AB (publ);stock;SEK
WISE.ST;Wise Group AB (publ);stock;SEK
PLUN.ST;ProstaLund AB (publ);stock;SEK
AMNI.ST;Amniotics AB (publ);stock;SEK
QIIWI.ST;Qiiwi Games AB (publ);stock;SEK
MYFC.ST;myFC Holding AB (publ);stock;SEK
GIAB.ST;Godsinlösen Nordic AB (publ);stock;SEK
ABLI.ST;Abliva AB (publ);stock;SEK
LINKAB.ST;Link Prop Investment AB (publ);stock;SEK
LEMSE.ST;Leading Edge Materials Corp.;stock;SEK
SPEQT.ST;Speqta AB (publ);stock;SEK
BIOSGN.ST;Biosergen AB;stock;SEK
SAXG.ST;Saxlund Group AB (publ);stock;SEK
NIO.ST;Nordic Iron Ore AB (publ);stock;SEK
TESSIN.ST;Tessin Nordic Holding AB;stock;SEK
DEVP-B.ST;DevPort AB (publ);stock;SEK
FLUI.ST;Fluicell AB (publ);stock;SEK
ADDERA.ST;AdderaCare AB;stock;SEK
ARCOMA.ST;Arcoma AB;stock;SEK
QUART.ST;Quartiers Properties AB (publ);stock;SEK
ORTI-B.ST;Ortivus AB (publ);stock;SEK
ATIC.ST;Actic Group AB (publ);stock;SEK
WAYS.ST;Waystream Holding AB (publ);stock;SEK
CMOTEC-B.ST;Scandinavian ChemoTech AB (publ);stock;SEK
K2A-PREF.ST;K2A Knaust & Andersson Fastigheter AB (publ);stock;SEK
INCOAX.ST;InCoax Networks AB (publ);stock;SEK
INSP.ST;Insplorion AB (publ);stock;SEK
CLEM.ST;Clemondo Group AB (publ);stock;SEK
ORTI-A.ST;Ortivus AB (publ);stock;SEK
XINT.ST;Xintela AB (publ);stock;SEK
HELIO.ST;Heliospectra AB (publ);stock;SEK
PROGEN.ST;Prostatype Genomics AB (publ);stock;SEK
ANOT.ST;Anoto Group AB (publ);stock;SEK
MAV.ST;Mavshack AB (publ);stock;SEK
NITRO.ST;Nitro Games Oyj;stock;SEK
ETX.ST;Etrion Corporation;stock;SEK
SECI.ST;SECITS Holding AB (publ);stock;SEK
NGS.ST;NGS Group AB (publ);stock;SEK
ACARIX.ST;Acarix AB (publ);stock;SEK
LEX.ST;The Lexington Company AB (publ);stock;SEK
TRG.ST;Transcendent Group AB (publ);stock;SEK
JLT.ST;JLT Mobile Computers AB (publ);stock;SEK
CIRCHE.ST;CirChem AB (publ);stock;SEK
HOYLU.ST;Hoylu AB (publ);stock;SEK
ERMA.ST;Enorama Pharma AB (publ);stock;SEK
ZICC.ST;Ziccum AB (publ);stock;SEK
RIZZO-B.ST;Rizzo Group AB (publ);stock;SEK
EFFH.ST;Effnetplattformen Holding AB (publ);stock;SEK
CAPAC.ST;Capacent Holding AB (publ);stock;SEK
QUART-PREF.ST;Quartiers Properties AB (publ);stock;SEK
HIFA-B.ST;Hifab Group AB (publ.);stock;SEK
BIOS.ST;Bioservo Technologies AB (publ);stock;SEK
XMR.ST;XMReality AB (publ);stock;SEK
CONF.ST;Confidence International AB (publ.);stock;SEK
MACK-B.ST;Mackmyra Svensk Whisky AB (publ);stock;SEK
PILA.ST;PILA PHARMA AB (publ);stock;SEK
SBOK.ST;ScandBook Holding AB (publ);stock;SEK
CDMIL.ST;CodeMill AB (publ);stock;SEK
COMBI.ST;CombiGene AB (publ);stock;SEK
RPLAN.ST;Ranplan Group AB;stock;SEK
FRISQ.ST;FRISQ Holding AB (publ);stock;SEK
ONCOZ.ST;OncoZenge AB (publ);stock;SEK
DIVIO-B.ST;Divio Technologies AB (publ);stock;SEK
GCOR.ST;Gaming Corps AB (publ);stock;SEK
TCT.ST;TC TECH Sweden AB (publ);stock;SEK
ANNX.ST;Annexin Pharmaceuticals AB (publ);stock;SEK
SDOS.ST;ScandiDos AB (publ);stock;SEK
BONG.ST;Bong AB (publ);stock;SEK
AROC.ST;AroCell AB (publ);stock;SEK
SPRINT.ST;Sprint Bioscience AB (publ);stock;SEK
PHLOG-B.ST;Pharmacolog i Uppsala AB (publ);stock;SEK
GBK.ST;Goodbye Kansas Group AB (publ);stock;SEK
IVISYS.ST;Ivisys AB (publ);stock;SEK
MULQ.ST;MultiQ International AB (publ);stock;SEK
BONES.ST;BBS-Bioactive Bone Substitutes Oyj;stock;SEK
LOYAL.ST;Loyal Solutions A/S;stock;SEK
SERT.ST;Serstech AB;stock;SEK
CHRO.ST;ChromoGenics AB;stock;SEK
ELIC.ST;Elicera Therapeutics AB (publ);stock;SEK
DIABIO.ST;Diagonal Bio AB (publ);stock;SEK
EMPIR-B.ST;Empir Group AB;stock;SEK
KONT.ST;Kontigo Care AB (publ);stock;SEK
AERO.ST;Svenska Aerogel Holding AB (publ);stock;SEK
LOUDS.ST;Loudspring Oyj;stock;SEK
LIPUM.ST;Lipum AB (publ);stock;SEK
PROMO.ST;Promore Pharma AB (publ);stock;SEK
ALZ.ST;Alzinova AB;stock;SEK
NGENIC.ST;Ngenic AB (publ);stock;SEK
STABL.ST;Stayble Therapeutics AB (publ);stock;SEK
INT.ST;Intellego Technologies AB;stock;SEK
IS.ST;Image Systems AB;stock;SEK
NORDIG.ST;Nord Insuretech Group AB;stock;SEK
NBZ.ST;Northbaze Group AB (publ);stock;SEK
KENH.ST;Kentima Holding AB (publ);stock;SEK
WYLD.ST;Wyld Networks AB (publ);stock;SEK
DLAB.ST;Dlaboratory Sweden AB (publ);stock;SEK
SPIFF.ST;Spiffbet AB;stock;SEK
S2M.ST;S2Medical AB (publ);stock;SEK
FRAM-B.ST;Fram Skandinavien AB;stock;SEK
TALK.ST;TalkPool AG;stock;SEK
BRILL.ST;Brilliant Future AB (publ);stock;SEK
REDW.ST;Redwood Pharma AB;stock;SEK
APTR.ST;AppSpotr AB (publ);stock;SEK
BINERO.ST;Binero Group AB (publ);stock;SEK
AYIMA-B.ST;Ayima Group AB (publ);stock;SEK
INVAJO.ST;Invajo Technologies AB (publ);stock;SEK
DIAH.ST;Diadrom Holding AB (publ);stock;SEK
WPAY.ST;Westpay AB;stock;SEK
SECS.ST;Sensec Holding AB (publ);stock;SEK
TELLUS.ST;Tellusgruppen AB (publ);stock;SEK
PHARM.ST;Pharmiva AB (publ);stock;SEK
FAGA.ST;Fantasma Games AB (publ);stock;SEK
IZAFE-B.ST;iZafe Group AB (publ);stock;SEK
GPX.ST;Gasporox AB (publ);stock;SEK
NICO.ST;Nicoccino Holding AB (publ);stock;SEK
POLY.ST;Polyplank AB (publ);stock;SEK
DEAR.ST;Duearity AB (publ);stock;SEK
ZAPLOX.ST;Zaplox AB;stock;SEK
CUR.ST;Curando Nordic AB (publ);stock;SEK
TOL.ST;Toleranzia AB;stock;SEK
ADVBOX.ST;Adventure Box Technology AB (publ);stock;SEK
UTG.ST;Unlimited Travel Group UTG AB (publ);stock;SEK
GABA.ST;Gabather AB (publ);stock;SEK
KEBNI-B.ST;KebNi AB (publ);stock;SEK
AVENT-B.ST;Aventura Group AB (publ);stock;SEK
LPGO.ST;Lipigon Pharmaceuticals AB (publ);stock;SEK
SAVOS.ST;Savosolar Oyj;stock;SEK
MODTX.ST;Modus Therapeutics Holding AB (publ);stock;SEK
PCAT.ST;Photocat A/S;stock;SEK
AVT-B.ST;AVTECH Sweden AB (publ);stock;SEK
HEGR.ST;Hedera Group AB (publ);stock;SEK
AXOLOT.ST;Axolot Solutions Holding AB (publ);stock;SEK
BOMILL.ST;BoMill AB (publ);stock;SEK
GGEO.ST;Guideline Geo AB (publ);stock;SEK
LADYLU.ST;LL Lucky Games AB (publ);stock;SEK
EMPLI.ST;Emplicure AB (publ);stock;SEK
YAYTRD.ST;Ytrade Group AB (publ);stock;SEK
ENRO.ST;Eniro Group AB (publ);stock;SEK
ARCT.ST;Arctic Minerals AB (publ);stock;SEK
EURA.ST;Euroafrica Digital Ventures AB (publ);stock;SEK
KOLL.ST;Kollect on Demand Holding AB (publ);stock;SEK
SIMRIS-B.ST;Simris Alg AB (publ);stock;SEK
HEMC.ST;Hemcheck Sweden AB (publ);stock;SEK
ELLWEE.ST;Ellwee AB (publ);stock;SEK
KAKEL.ST;Kakel Max AB (publ);stock;SEK
TH1NG.ST;TH1NG AB (publ);stock;SEK
LXB.ST;Luxbright AB (publ);stock;SEK
CLINE-B.ST;Cline Scientific AB (publ);stock;SEK
IDOGEN.ST;Idogen AB (publ);stock;SEK
TANGI.ST;Tangiamo Touch Technology AB (publ);stock;SEK
ASAP.ST;Asarina Pharma AB (publ);stock;SEK
QUIA.ST;QuiaPEG Pharmaceuticals Holding AB (publ);stock;SEK
LIVI.ST;Liv ihop AB (publ);stock;SEK
NEWTON.ST;Newton Nordic AB;stock;SEK
TRIBO-B.ST;Triboron International AB (publ);stock;SEK
HDW-B.ST;Hitech & Development Wireless Sweden Holding AB (publ);stock;SEK
CLEMO.ST;Clean Motion AB (publ);stock;SEK
ENERS.ST;Enersize Oyj;stock;SEK
PCOM-B.ST;Precomp Solutions AB (publ);stock;SEK
NJOB.ST;NetJobs Group AB (publ);stock;SEK
NFGAB.ST;Nordic Flanges Group AB (publ);stock;SEK
CISH.ST;Clean Industry Solutions Holding Europe AB;stock;SEK
AINO.ST;Aino Health AB (publ);stock;SEK
GPXMED.ST;GPX Medical AB (publ);stock;SEK
LAUR.ST;Lauritz.com Group A/S;stock;SEK
PAPI.ST;Papilly AB (publ);stock;SEK
EKOBOT.ST;Ekobot AB (publ);stock;SEK
SONE.ST;Sonetel AB (publ);stock;SEK
NILS.ST;Nilsson Special Vehicles AB (publ);stock;SEK
ELN.ST;Ellen AB (publ);stock;SEK
DOME.ST;Dome Energy AB (publ);stock;SEK
TWIIK.ST;Twiik AB (publ);stock;SEK
CYB1.ST;Cyber Security 1 AB (publ);stock;SEK
PLEX.ST;Plexian AB (publ);stock;SEK
LOG.ST;Logistea AB (publ);stock;SEK
